台番号,現在台番号,継続分析ID,台順位,推奨撤退回転,当たり後推奨,戦略期待収支円,利益化確率,3万円負け確率,3万円負け確率安全上限,3万円負け確率推定状態,大損失台別標本数,大損失台別発生数,台別モデル3万円負け確率,予測不確実性円,V10利益最適化点,直近7データ日数,V10最終判定,判定理由,総合順位
15,15,15,1,100,即ヤメ,17097.42549710203,0.5936034913760673,0.006053408489407823,0.02660173046827633,同一戦略・翌日分布推定（標本99件）,99,0,0.004086945566478692,42612.14990070086,64.7539252801935,7,参考候補,ランダム超過の正式条件未達,1
20,20,10,2,1000,全日,32976.90593718492,0.5839908256836905,0.1492030897932743,0.2248568373543072,同一戦略・翌日分布推定（標本102件）,102,16,0.003850512612983327,42612.14990070086,64.70963030521789,7,参考候補,ランダム超過の正式条件未達,2
10,10,30,3,300,即ヤメ,14522.82897561181,0.6380286419467547,0.01877555624189417,0.02856795236497231,同一戦略・翌日分布推定（標本92件）,92,0,0.006905123502155795,42612.14990070086,63.62957575638703,7,参考候補,ランダム超過の正式条件未達,3
12,12,12,4,150,全日,20244.69224369014,0.5101869369648295,0.05289066095662653,0.07965257001612154,同一戦略・翌日分布推定（標本91件）,91,3,0.00576129783265591,42612.14990070086,60.20915880809446,7,参考候補,ランダム超過の正式条件未達,4
7,7,27,5,100,即ヤメ,13801.59560406968,0.5089970096391159,0.001064898232434495,0.02887282176022817,同一戦略・翌日分布推定（標本91件）,91,0,0.005769679253016143,42612.14990070086,60.19762145846346,7,参考候補,ランダム超過の正式条件未達,5
14,14,14,6,1000,全日,23054.43381757537,0.5197744090811236,0.1000834773758324,0.1736578142389049,同一戦略・翌日分布推定（標本92件）,92,10,0.006216973512792057,42612.14990070086,60.13563830829793,7,参考候補,ランダム超過の正式条件未達,6
16,16,6,7,100,即ヤメ,12403.29894091719,0.5077134621101957,0.0006239324539606098,0.02950250717885679,同一戦略・翌日分布推定（標本89件）,89,0,0.00597457596272886,42612.14990070086,59.97209799830103,7,参考候補,ランダム超過の正式条件未達,7
17,17,7,8,100,即ヤメ,9649.107220419453,0.5668767486004865,0.003503408799874177,0.02918426831115126,同一戦略・翌日分布推定（標本90件）,90,0,0.00859126308364286,42612.14990070086,59.93927894339581,7,参考候補,ランダム超過の正式条件未達,8
5,5,36,9,200,即ヤメ,11898.23433429633,0.549775316298691,0.02307096229063504,0.03156789333638056,同一戦略・翌日分布推定（標本83件）,83,0,0.01029733038796384,42612.14990070086,58.88954769461721,7,参考候補,ランダム超過の正式条件未達,9
6,6,26,10,100,即ヤメ,7420.762858738914,0.5304898579545377,0.0005,0.03120381173238146,同一戦略・翌日分布推定（標本84件）,84,0,0.008383625088217267,42612.14990070086,58.80425657345691,7,参考候補,ランダム超過の正式条件未達,10
11,11,11,11,100,即ヤメ,9437.181015386042,0.5101267514805405,0.0005,0.02741024829424772,同一戦略・翌日分布推定（標本96件）,96,0,0.007655810937457208,42612.14990070086,58.70978369670279,7,参考候補,ランダム超過の正式条件未達,11
1,1,32,12,1000,全日,20449.0872901064,0.5037836748616961,0.1283487697861946,0.1851764473868384,同一戦略・翌日分布推定（標本86件）,86,10,0.008701958500280101,42612.14990070086,58.35347816430701,7,参考候補,ランダム超過の正式条件未達,12
18,18,8,13,750,全日,20638.40495394651,0.5084139132498972,0.1646376063895212,0.2429737339215749,同一戦略・翌日分布推定（標本94件）,94,16,0.008486685828573155,42612.14990070086,58.10396673452765,7,参考候補,ランダム超過の正式条件未達,13
8,8,28,14,150,全日,14315.79047260122,0.5183220019156821,0.0405412282170313,0.04489111165960726,同一戦略・翌日分布推定（標本97件）,97,1,0.008939410798902318,42612.14990070086,58.09616410100782,7,参考候補,ランダム超過の正式条件未達,14
2,2,33,15,200,即ヤメ,13784.24734417948,0.4511561231022292,0.006456354279549321,0.03311334016908495,同一戦略・翌日分布推定（標本79件）,79,0,0.007214862276573476,42612.14990070086,57.59878345655363,7,参考候補,ランダム超過の正式条件未達,15
19,19,9,16,100,即ヤメ,9316.317272860466,0.4943010624196804,0.004661019850375663,0.02660173046827633,同一戦略・翌日分布推定（標本99件）,99,0,0.008888497315738705,42612.14990070086,57.35432291443527,7,参考候補,ランダム超過の正式条件未達,16
4,4,35,17,150,200回転,12822.47576361225,0.5074690873973836,0.02945662960819359,0.0339442319423317,同一戦略・翌日分布推定（標本77件）,77,0,0.01059315143811209,42612.14990070086,57.28021436509836,7,参考候補,ランダム超過の正式条件未達,17
3,3,34,18,150,即ヤメ,8445.767050593753,0.501823952143868,0.01227428502290669,0.03352363838097815,同一戦略・翌日分布推定（標本78件）,78,0,0.01103799094258474,42612.14990070086,56.88423640656393,7,参考候補,ランダム超過の正式条件未達,18
9,9,29,19,100,全日,13788.2019987765,0.470212686184021,0.01917407713170359,0.02713533631498683,同一戦略・翌日分布推定（標本97件）,97,0,0.008210978445325465,42612.14990070086,56.8751759121914,7,参考候補,ランダム超過の正式条件未達,19
13,13,13,20,1000,全日,16856.2105277172,0.503505224518099,0.1312884614990661,0.1863391774194828,同一戦略・翌日分布推定（標本92件）,92,11,0.009969603966856689,42612.14990070086,56.85238104911594,7,参考候補,ランダム超過の正式条件未達,20
